"Property";"Value"
"IUPAC name";"N-{3-[(3R)-5-amino-3-methyl-3,6-dihydro-2H-1,4-oxazin-3-yl]phenyl}-4-bromopyridine-2-carboxamide"
"Traditional name";"N-{3-[(3R)-5-amino-3-methyl-2,6-dihydro-1,4-oxazin-3-yl]phenyl}-4-bromopyridine-2-carboxamide"
"Common names";"N/A"
"SMILES";"C[C@]1(COCC(N)=N1)C1=CC(NC(=O)C2=NC=CC(Br)=C2)=CC=C1"
"InChI";"InChI=1/C17H17BrN4O2/c1-17(10-24-9-15(19)22-17)11-3-2-4-13(7-11)21-16(23)14-8-12(18)5-6-20-14/h2-8H,9-10H2,1H3,(H2,19,22)(H,21,23)/t17-/s2"
"InChIKey";"JEKQIVGUBQNKPM-AGDOHHJYNA-N"
"CAS Registry Numbers®";"N/A"