"Atoms";"Shifts";"Net_intensity";"Multiplet_information";"Quality"
"8, 8, 8";"1.826 ppm";"3";"s";"medium"
"25";"4.028 ppm";"1";"s";"good"
"26";"4.229 ppm";"1";"s";"good"
"27";"4.539 ppm";"1";"s";"good"
"28";"4.740 ppm";"1";"s";"good"
"13";"7.199 ppm";"1";"t";"medium"
"14";"7.330 ppm";"1";"sx";"medium"
"12";"7.400 ppm";"1";"sx";"good"
"10";"7.492 ppm";"1";"t";"good"
"23";"7.678 ppm";"1";"q";"medium"
"7, 7";"7.673 ppm";"2";"s";"rough"
"22";"7.742 ppm";"1";"d";"good"
"20";"8.549 ppm";"1";"d";"medium"
"15";"11.710 ppm";"1";"s";"rough"